id,name
00022,Nothing?
00044,Nothing?
00045,Nothing?
00328,Nothing?
00329,Nothing?
00330,Nothing?
00331,Nothing?
00332,Nothing?
00333,Nothing?
00334,Nothing?
00335,Nothing?
00336,Nothing?
00337,Nothing?
00742,Nothing?
00781,Nothing?
00782,Nothing?
00783,Nothing?
00784,Nothing?
00785,Nothing?
00786,Nothing?
00787,Nothing?
00788,Nothing?
00789,Nothing?
00790,Nothing?
00791,Nothing?
00792,Nothing?
00793,Nothing?
00794,Nothing?
00795,Nothing?
00796,Nothing?
00797,Nothing?
00798,Nothing?
00799,Nothing?
00800,Nothing?
00801,Nothing?
00802,Nothing?
00803,Nothing?
00804,Nothing?
00805,Nothing?
00806,Nothing?
00807,Nothing?
00808,Nothing?
00987,Nothing?
01017,Nothing?
01079,Nothing?
01080,Nothing?
01163,Nothing?
01164,Nothing?
01167,Nothing?
01168,Nothing?
01171,Nothing?
01172,Nothing?
01175,Nothing?
01176,
01179,
01180,
01183,
01184,
01187,
01188,
01191,
01192,
01195,
01196,
01199,
01200,
01201,
01202,
01204,
01206,
01207,
01208,
01209,
01211,
01213,
01214,
01215,
01216,
01217,
01220,
01221,
01222,
01223,
01224,
01226,
01228,
01229,
01230,
01231,
01233,
01235,
01236,
01237,
01238,
01240,
01242,
01243,
01244,
01245,
01247,
01249,
01250,
01251,
01252,
01253,
01256,
01257,
01258,
01259,
01260,
01262,
01264,
01265,
01266,
01267,
01269,
01271,
01272,
01273,
01274,
01276,
01278,
01279,
01280,
01281,
01282,
01283,
01284,
01285,
01286,
01288,
01289,
01291,
01292,
01293,
01294,
01295,
01296,
01297,
01298,
01299,
01301,
01302,
01304,
01426,
01432,
01583,
01593,
01606,
01612,
01619,
01648,Nothing?
02172,Horse Hair - APH/Chestnut Tobiano - (Default) Brown/White
02415,Nothing?
02416,Nothing?
02417,Nothing?
02418,
02419,
02420,
02421,
02422,
02423,
02424,
02425,
02426,
02427,
02428,
02429,
02430,
02431,
02432,
02433,
02434,
02435,
02436,
02437,
02438,
02439,
02440,
02441,
02442,
02443,
02444,
02660,Nothing?
02661,
02662,
02663,
02664,
02665,
02666,
02667,
02668,
02669,
05144,Nothing?
05145,Nothing?
05146,Nothing?
05249,
05254,
05259,
05264,
05269,
05343,
05838,
06140,
06141,
07198,
